../2018-01-22__export__K1024-5_K1024-6_K1024-7_K1024-8_K1024-9_K1025-5_K1025-6_K1025-7_K1025-8_K1025-9_K1026-5_K1026-6_K1026-7_K1026-8_K1026-9_K1067-3_K1067-4_K1067-5_K1067-6_K1067-7_K1068-3_K1068-4_K1068-5_K1068-6_K1068-7_/fastq2/IGH_FR2_output_v1.3.3_automated/index014_014.fastq	Total count	140984
raw count														%total reads
	IGHJ1_01	IGHJ2_01	IGHJ3_01	IGHJ3_02	IGHJ4_01	IGHJ4_02	IGHJ4_03	IGHJ5_01	IGHJ5_02	IGHJ6_01	IGHJ6_02	IGHJ6_03	IGHJ6_04		IGHJ1_01	IGHJ2_01	IGHJ3_01	IGHJ3_02	IGHJ4_01	IGHJ4_02	IGHJ4_03	IGHJ5_01	IGHJ5_02	IGHJ6_01	IGHJ6_02	IGHJ6_03	IGHJ6_04
IGHV1-18_01	0	0	0	0	0	0	0	0	0	0	0	0	0	IGHV1-18_01	0	0	0	0	0	0	0	0	0	0	0	0	0
IGHV1-18_02	0	0	0	0	0	0	0	0	0	0	0	0	0	IGHV1-18_02	0	0	0	0	0	0	0	0	0	0	0	0	0
IGHV1-18_03	0	0	0	0	0	0	0	0	0	0	0	0	0	IGHV1-18_03	0	0	0	0	0	0	0	0	0	0	0	0	0
IGHV1-2_01	0	0	0	0	0	0	0	0	0	0	0	0	0	IGHV1-2_01	0	0	0	0	0	0	0	0	0	0	0	0	0
IGHV1-2_02	0	0	0	0	0	0	0	0	0	0	0	0	0	IGHV1-2_02	0	0	0	0	0	0	0	0	0	0	0	0	0
IGHV1-2_03	0	0	0	0	0	0	0	0	0	0	0	0	0	IGHV1-2_03	0	0	0	0	0	0	0	0	0	0	0	0	0
IGHV1-2_04	0	0	0	0	0	0	0	0	0	0	0	0	0	IGHV1-2_04	0	0	0	0	0	0	0	0	0	0	0	0	0
IGHV1-2_05	0	0	0	0	0	0	0	0	0	0	0	0	0	IGHV1-2_05	0	0	0	0	0	0	0	0	0	0	0	0	0
IGHV1-24_01	0	0	0	0	0	0	0	0	0	0	0	0	0	IGHV1-24_01	0	0	0	0	0	0	0	0	0	0	0	0	0
IGHV1-3_01	0	0	0	0	0	0	0	0	0	0	0	0	0	IGHV1-3_01	0	0	0	0	0	0	0	0	0	0	0	0	0
IGHV1-3_02	0	0	0	0	0	0	0	0	0	0	0	0	0	IGHV1-3_02	0	0	0	0	0	0	0	0	0	0	0	0	0
IGHV1-45_01	0	0	0	0	0	0	0	0	0	0	0	0	0	IGHV1-45_01	0	0	0	0	0	0	0	0	0	0	0	0	0
IGHV1-45_02	0	0	0	0	0	0	0	0	0	0	0	0	0	IGHV1-45_02	0	0	0	0	0	0	0	0	0	0	0	0	0
IGHV1-45_03	0	0	0	0	0	0	0	0	0	0	0	0	0	IGHV1-45_03	0	0	0	0	0	0	0	0	0	0	0	0	0
IGHV1-46_01	0	0	0	0	0	0	0	0	0	0	0	0	0	IGHV1-46_01	0	0	0	0	0	0	0	0	0	0	0	0	0
IGHV1-46_02	0	0	0	0	0	0	0	0	0	0	0	0	0	IGHV1-46_02	0	0	0	0	0	0	0	0	0	0	0	0	0
IGHV1-46_03	0	0	0	0	0	0	0	0	0	0	0	0	0	IGHV1-46_03	0	0	0	0	0	0	0	0	0	0	0	0	0
IGHV1-58_01	0	0	0	0	0	0	0	0	0	0	0	0	0	IGHV1-58_01	0	0	0	0	0	0	0	0	0	0	0	0	0
IGHV1-58_02	0	0	0	0	0	0	0	0	0	0	0	0	0	IGHV1-58_02	0	0	0	0	0	0	0	0	0	0	0	0	0
IGHV1-69_01	0	0	0	0	0	0	0	0	0	0	0	0	0	IGHV1-69_01	0	0	0	0	0	0	0	0	0	0	0	0	0
IGHV1-69_02	0	0	0	0	0	0	0	0	0	0	0	0	0	IGHV1-69_02	0	0	0	0	0	0	0	0	0	0	0	0	0
IGHV1-69_03	0	0	0	0	0	0	0	0	0	0	0	0	0	IGHV1-69_03	0	0	0	0	0	0	0	0	0	0	0	0	0
IGHV1-69_04	0	0	0	0	0	0	0	0	0	0	0	0	0	IGHV1-69_04	0	0	0	0	0	0	0	0	0	0	0	0	0
IGHV1-69_05	0	0	0	0	0	0	0	0	0	0	0	0	0	IGHV1-69_05	0	0	0	0	0	0	0	0	0	0	0	0	0
IGHV1-69_06	0	0	0	0	0	0	0	0	0	0	0	0	0	IGHV1-69_06	0	0	0	0	0	0	0	0	0	0	0	0	0
IGHV1-69_07	0	0	0	0	0	0	0	0	0	0	0	0	0	IGHV1-69_07	0	0	0	0	0	0	0	0	0	0	0	0	0
IGHV1-69_08	0	0	0	0	0	0	0	0	0	0	0	0	0	IGHV1-69_08	0	0	0	0	0	0	0	0	0	0	0	0	0
IGHV1-69_09	0	0	0	0	0	0	0	0	0	0	0	0	0	IGHV1-69_09	0	0	0	0	0	0	0	0	0	0	0	0	0
IGHV1-69_10	0	0	0	0	0	0	0	0	0	0	0	0	0	IGHV1-69_10	0	0	0	0	0	0	0	0	0	0	0	0	0
IGHV1-69_11	0	0	0	0	0	0	0	0	0	0	0	0	0	IGHV1-69_11	0	0	0	0	0	0	0	0	0	0	0	0	0
IGHV1-69_12	0	0	0	0	0	0	0	0	0	0	0	0	0	IGHV1-69_12	0	0	0	0	0	0	0	0	0	0	0	0	0
IGHV1-69_13	0	0	0	0	0	0	0	0	0	0	0	0	0	IGHV1-69_13	0	0	0	0	0	0	0	0	0	0	0	0	0
IGHV1-8_01	0	0	0	0	0	0	0	0	0	0	0	0	0	IGHV1-8_01	0	0	0	0	0	0	0	0	0	0	0	0	0
IGHV1-8_02	0	0	0	0	0	0	0	0	0	0	0	0	0	IGHV1-8_02	0	0	0	0	0	0	0	0	0	0	0	0	0
IGHV1-c_01	0	0	0	0	0	0	0	0	0	0	0	0	0	IGHV1-c_01	0	0	0	0	0	0	0	0	0	0	0	0	0
IGHV1-f_01	0	0	0	0	0	0	0	0	0	0	0	0	0	IGHV1-f_01	0	0	0	0	0	0	0	0	0	0	0	0	0
IGHV1-f_02	0	0	0	0	0	0	0	0	0	0	0	0	0	IGHV1-f_02	0	0	0	0	0	0	0	0	0	0	0	0	0
IGHV1/OR15-1_01	0	0	0	0	0	0	0	0	0	0	0	0	0	IGHV1/OR15-1_01	0	0	0	0	0	0	0	0	0	0	0	0	0
IGHV1/OR15-1_02	0	0	0	0	0	0	0	0	0	0	0	0	0	IGHV1/OR15-1_02	0	0	0	0	0	0	0	0	0	0	0	0	0
IGHV1/OR15-1_03	0	0	0	0	0	0	0	0	0	0	0	0	0	IGHV1/OR15-1_03	0	0	0	0	0	0	0	0	0	0	0	0	0
IGHV1/OR15-1_04	0	0	0	0	0	0	0	0	0	0	0	0	0	IGHV1/OR15-1_04	0	0	0	0	0	0	0	0	0	0	0	0	0
IGHV1/OR15-5_01	0	0	0	0	0	0	0	0	0	0	0	0	0	IGHV1/OR15-5_01	0	0	0	0	0	0	0	0	0	0	0	0	0
IGHV1/OR15-5_02	0	0	0	0	0	0	0	0	0	0	0	0	0	IGHV1/OR15-5_02	0	0	0	0	0	0	0	0	0	0	0	0	0
IGHV1/OR15-9_01	0	0	0	0	0	0	0	0	0	0	0	0	0	IGHV1/OR15-9_01	0	0	0	0	0	0	0	0	0	0	0	0	0
IGHV1/OR21-1_01	0	0	0	0	0	0	0	0	0	0	0	0	0	IGHV1/OR21-1_01	0	0	0	0	0	0	0	0	0	0	0	0	0
IGHV2-26_01	0	0	0	0	0	0	0	0	0	0	0	0	0	IGHV2-26_01	0	0	0	0	0	0	0	0	0	0	0	0	0
IGHV2-5_01	0	0	0	0	0	0	0	0	0	0	0	0	0	IGHV2-5_01	0	0	0	0	0	0	0	0	0	0	0	0	0
IGHV2-5_02	0	0	0	0	0	0	0	0	0	0	0	0	0	IGHV2-5_02	0	0	0	0	0	0	0	0	0	0	0	0	0
IGHV2-5_03	0	0	0	0	0	0	0	0	0	0	0	0	0	IGHV2-5_03	0	0	0	0	0	0	0	0	0	0	0	0	0
IGHV2-5_04	0	0	0	0	0	0	0	0	0	0	0	0	0	IGHV2-5_04	0	0	0	0	0	0	0	0	0	0	0	0	0
IGHV2-5_05	0	0	0	0	0	0	0	0	0	0	0	0	0	IGHV2-5_05	0	0	0	0	0	0	0	0	0	0	0	0	0
IGHV2-5_06	0	0	0	0	0	0	0	0	0	0	0	0	0	IGHV2-5_06	0	0	0	0	0	0	0	0	0	0	0	0	0
IGHV2-5_07	0	0	0	0	0	0	0	0	0	0	0	0	0	IGHV2-5_07	0	0	0	0	0	0	0	0	0	0	0	0	0
IGHV2-5_08	0	0	0	0	0	0	0	0	0	0	0	0	0	IGHV2-5_08	0	0	0	0	0	0	0	0	0	0	0	0	0
IGHV2-5_09	0	0	0	0	0	0	0	0	0	0	0	0	0	IGHV2-5_09	0	0	0	0	0	0	0	0	0	0	0	0	0
IGHV2-5_10	0	0	0	0	0	0	0	0	0	0	0	0	0	IGHV2-5_10	0	0	0	0	0	0	0	0	0	0	0	0	0
IGHV2-70_01	0	0	0	0	0	0	0	0	0	0	0	0	0	IGHV2-70_01	0	0	0	0	0	0	0	0	0	0	0	0	0
IGHV2-70_02	0	0	0	0	0	0	0	0	0	0	0	0	0	IGHV2-70_02	0	0	0	0	0	0	0	0	0	0	0	0	0
IGHV2-70_03	0	0	0	0	0	0	0	0	0	0	0	0	0	IGHV2-70_03	0	0	0	0	0	0	0	0	0	0	0	0	0
IGHV2-70_04	0	0	0	0	0	0	0	0	0	0	0	0	0	IGHV2-70_04	0	0	0	0	0	0	0	0	0	0	0	0	0
IGHV2-70_05	0	0	0	0	0	0	0	0	0	0	0	0	0	IGHV2-70_05	0	0	0	0	0	0	0	0	0	0	0	0	0
IGHV2-70_06	0	0	0	0	0	0	0	0	0	0	0	0	0	IGHV2-70_06	0	0	0	0	0	0	0	0	0	0	0	0	0
IGHV2-70_07	0	0	0	0	0	0	0	0	0	0	0	0	0	IGHV2-70_07	0	0	0	0	0	0	0	0	0	0	0	0	0
IGHV2-70_08	0	0	0	0	0	0	0	0	0	0	0	0	0	IGHV2-70_08	0	0	0	0	0	0	0	0	0	0	0	0	0
IGHV2-70_09	0	0	0	0	0	0	0	0	0	0	0	0	0	IGHV2-70_09	0	0	0	0	0	0	0	0	0	0	0	0	0
IGHV2-70_10	0	0	0	0	0	0	0	0	0	0	0	0	0	IGHV2-70_10	0	0	0	0	0	0	0	0	0	0	0	0	0
IGHV2-70_11	0	0	0	0	0	0	0	0	0	0	0	0	0	IGHV2-70_11	0	0	0	0	0	0	0	0	0	0	0	0	0
IGHV2-70_12	0	0	0	0	0	0	0	0	0	0	0	0	0	IGHV2-70_12	0	0	0	0	0	0	0	0	0	0	0	0	0
IGHV2-70_13	0	0	0	0	0	0	0	0	0	0	0	0	0	IGHV2-70_13	0	0	0	0	0	0	0	0	0	0	0	0	0
IGHV2/OR16-5_01	0	0	0	0	0	0	0	0	0	0	0	0	0	IGHV2/OR16-5_01	0	0	0	0	0	0	0	0	0	0	0	0	0
IGHV3-11_01	0	0	0	0	0	0	0	0	0	0	0	0	0	IGHV3-11_01	0	0	0	0	0	0	0	0	0	0	0	0	0
IGHV3-11_03	0	0	0	0	0	0	0	0	0	0	0	0	0	IGHV3-11_03	0	0	0	0	0	0	0	0	0	0	0	0	0
IGHV3-11_04	0	0	0	0	0	0	0	0	0	0	0	0	0	IGHV3-11_04	0	0	0	0	0	0	0	0	0	0	0	0	0
IGHV3-11_05	0	0	0	0	0	0	0	0	0	0	0	0	0	IGHV3-11_05	0	0	0	0	0	0	0	0	0	0	0	0	0
IGHV3-13_01	0	0	0	0	0	0	0	0	0	0	0	0	0	IGHV3-13_01	0	0	0	0	0	0	0	0	0	0	0	0	0
IGHV3-13_02	0	0	0	0	0	0	0	0	0	0	0	0	0	IGHV3-13_02	0	0	0	0	0	0	0	0	0	0	0	0	0
IGHV3-13_03	0	0	0	0	0	0	0	0	0	0	0	0	0	IGHV3-13_03	0	0	0	0	0	0	0	0	0	0	0	0	0
IGHV3-13_04	0	0	0	0	0	0	0	0	0	0	0	0	0	IGHV3-13_04	0	0	0	0	0	0	0	0	0	0	0	0	0
IGHV3-15_01	0	0	0	0	0	0	0	0	0	0	0	0	0	IGHV3-15_01	0	0	0	0	0	0	0	0	0	0	0	0	0
IGHV3-15_02	0	0	0	0	0	0	0	0	0	0	0	0	0	IGHV3-15_02	0	0	0	0	0	0	0	0	0	0	0	0	0
IGHV3-15_03	0	0	0	0	0	0	0	0	0	0	0	0	0	IGHV3-15_03	0	0	0	0	0	0	0	0	0	0	0	0	0
IGHV3-15_04	0	0	0	0	0	0	0	0	0	0	0	0	0	IGHV3-15_04	0	0	0	0	0	0	0	0	0	0	0	0	0
IGHV3-15_05	0	0	0	0	0	0	0	0	0	0	0	0	0	IGHV3-15_05	0	0	0	0	0	0	0	0	0	0	0	0	0
IGHV3-15_06	0	0	0	0	0	0	0	0	0	0	0	0	0	IGHV3-15_06	0	0	0	0	0	0	0	0	0	0	0	0	0
IGHV3-15_07	0	0	0	0	0	0	0	0	0	0	0	0	0	IGHV3-15_07	0	0	0	0	0	0	0	0	0	0	0	0	0
IGHV3-15_08	0	0	0	0	0	0	0	0	0	0	0	0	0	IGHV3-15_08	0	0	0	0	0	0	0	0	0	0	0	0	0
IGHV3-16_01	0	0	0	0	0	0	0	0	0	0	0	0	0	IGHV3-16_01	0	0	0	0	0	0	0	0	0	0	0	0	0
IGHV3-16_02	0	0	0	0	0	0	0	0	0	0	0	0	0	IGHV3-16_02	0	0	0	0	0	0	0	0	0	0	0	0	0
IGHV3-20_01	0	0	0	0	0	0	0	0	0	0	0	0	0	IGHV3-20_01	0	0	0	0	0	0	0	0	0	0	0	0	0
IGHV3-21_01	0	0	0	0	0	0	0	0	0	0	0	0	0	IGHV3-21_01	0	0	0	0	0	0	0	0	0	0	0	0	0
IGHV3-21_02	0	0	0	0	0	0	0	0	0	0	0	0	0	IGHV3-21_02	0	0	0	0	0	0	0	0	0	0	0	0	0
IGHV3-21_03	0	0	0	0	0	0	0	0	0	0	0	0	0	IGHV3-21_03	0	0	0	0	0	0	0	0	0	0	0	0	0
IGHV3-21_04	0	0	0	0	0	0	0	0	0	0	0	0	0	IGHV3-21_04	0	0	0	0	0	0	0	0	0	0	0	0	0
IGHV3-23_01	0	0	0	0	0	0	0	0	0	0	0	0	0	IGHV3-23_01	0	0	0	0	0	0	0	0	0	0	0	0	0
IGHV3-23_02	0	0	0	0	0	0	0	0	0	0	0	0	0	IGHV3-23_02	0	0	0	0	0	0	0	0	0	0	0	0	0
IGHV3-23_03	0	0	0	0	0	0	0	0	0	0	0	0	0	IGHV3-23_03	0	0	0	0	0	0	0	0	0	0	0	0	0
IGHV3-23_04	0	0	0	0	0	0	0	0	0	0	0	0	0	IGHV3-23_04	0	0	0	0	0	0	0	0	0	0	0	0	0
IGHV3-23_05	0	0	0	0	0	0	0	0	0	0	0	0	0	IGHV3-23_05	0	0	0	0	0	0	0	0	0	0	0	0	0
IGHV3-25_04	0	0	0	0	0	0	0	0	0	0	0	0	0	IGHV3-25_04	0	0	0	0	0	0	0	0	0	0	0	0	0
IGHV3-30_01	0	0	0	0	0	0	0	0	0	0	0	0	0	IGHV3-30_01	0	0	0	0	0	0	0	0	0	0	0	0	0
IGHV3-30_02	0	0	0	0	0	0	0	0	0	0	0	0	0	IGHV3-30_02	0	0	0	0	0	0	0	0	0	0	0	0	0
IGHV3-30_03	0	0	0	0	0	0	0	0	0	0	0	0	0	IGHV3-30_03	0	0	0	0	0	0	0	0	0	0	0	0	0
IGHV3-30_04	0	0	0	0	0	0	0	0	0	0	0	0	0	IGHV3-30_04	0	0	0	0	0	0	0	0	0	0	0	0	0
IGHV3-30_05	0	0	0	0	0	0	0	0	0	0	0	0	0	IGHV3-30_05	0	0	0	0	0	0	0	0	0	0	0	0	0
IGHV3-30_06	0	0	0	0	0	0	0	0	0	0	0	0	0	IGHV3-30_06	0	0	0	0	0	0	0	0	0	0	0	0	0
IGHV3-30_07	0	0	0	0	0	0	0	0	0	0	0	0	0	IGHV3-30_07	0	0	0	0	0	0	0	0	0	0	0	0	0
IGHV3-30_08	0	0	0	0	0	0	0	0	0	0	0	0	0	IGHV3-30_08	0	0	0	0	0	0	0	0	0	0	0	0	0
IGHV3-30_09	0	0	0	0	0	0	0	0	0	0	0	0	0	IGHV3-30_09	0	0	0	0	0	0	0	0	0	0	0	0	0
IGHV3-30_10	0	0	0	0	0	0	0	0	0	0	0	0	0	IGHV3-30_10	0	0	0	0	0	0	0	0	0	0	0	0	0
IGHV3-30_11	0	0	0	0	0	0	0	0	0	0	0	0	0	IGHV3-30_11	0	0	0	0	0	0	0	0	0	0	0	0	0
IGHV3-30_12	0	0	0	0	0	0	0	0	0	0	0	0	0	IGHV3-30_12	0	0	0	0	0	0	0	0	0	0	0	0	0
IGHV3-30_13	0	0	0	0	0	0	0	0	0	0	0	0	0	IGHV3-30_13	0	0	0	0	0	0	0	0	0	0	0	0	0
IGHV3-30_14	0	0	0	0	0	0	0	0	0	0	0	0	0	IGHV3-30_14	0	0	0	0	0	0	0	0	0	0	0	0	0
IGHV3-30_15	0	0	0	0	0	0	0	0	0	0	0	0	0	IGHV3-30_15	0	0	0	0	0	0	0	0	0	0	0	0	0
IGHV3-30_16	0	0	0	0	0	0	0	0	0	0	0	0	0	IGHV3-30_16	0	0	0	0	0	0	0	0	0	0	0	0	0
IGHV3-30_17	0	0	0	0	0	0	0	0	0	0	0	0	0	IGHV3-30_17	0	0	0	0	0	0	0	0	0	0	0	0	0
IGHV3-30_18	0	0	0	0	0	0	0	0	0	0	0	0	0	IGHV3-30_18	0	0	0	0	0	0	0	0	0	0	0	0	0
IGHV3-30_19	0	0	0	0	0	0	0	0	0	0	0	0	0	IGHV3-30_19	0	0	0	0	0	0	0	0	0	0	0	0	0
IGHV3-30-3_01	0	0	0	0	0	0	0	0	0	0	0	0	0	IGHV3-30-3_01	0	0	0	0	0	0	0	0	0	0	0	0	0
IGHV3-30-3_02	0	0	0	0	0	0	0	0	0	0	0	0	0	IGHV3-30-3_02	0	0	0	0	0	0	0	0	0	0	0	0	0
IGHV3-33_01	0	0	0	0	0	0	0	0	0	0	0	0	0	IGHV3-33_01	0	0	0	0	0	0	0	0	0	0	0	0	0
IGHV3-33_02	0	0	0	0	0	0	0	0	0	0	0	0	0	IGHV3-33_02	0	0	0	0	0	0	0	0	0	0	0	0	0
IGHV3-33_03	0	0	0	0	0	0	0	0	0	0	0	0	0	IGHV3-33_03	0	0	0	0	0	0	0	0	0	0	0	0	0
IGHV3-33_04	0	0	0	0	0	0	0	0	0	0	0	0	0	IGHV3-33_04	0	0	0	0	0	0	0	0	0	0	0	0	0
IGHV3-33_05	0	0	0	0	0	0	0	0	0	0	0	0	0	IGHV3-33_05	0	0	0	0	0	0	0	0	0	0	0	0	0
IGHV3-33_06	0	0	0	0	0	0	0	0	0	0	0	0	0	IGHV3-33_06	0	0	0	0	0	0	0	0	0	0	0	0	0
IGHV3-35_01	0	0	0	0	0	0	0	0	0	0	0	0	0	IGHV3-35_01	0	0	0	0	0	0	0	0	0	0	0	0	0
IGHV3-38_01	0	0	0	0	0	0	0	0	0	0	0	0	0	IGHV3-38_01	0	0	0	0	0	0	0	0	0	0	0	0	0
IGHV3-38_02	0	0	0	0	0	0	0	0	0	0	0	0	0	IGHV3-38_02	0	0	0	0	0	0	0	0	0	0	0	0	0
IGHV3-43_01	0	0	0	0	0	0	0	0	0	0	0	0	0	IGHV3-43_01	0	0	0	0	0	0	0	0	0	0	0	0	0
IGHV3-43_02	0	0	0	0	0	0	0	0	0	0	0	0	0	IGHV3-43_02	0	0	0	0	0	0	0	0	0	0	0	0	0
IGHV3-48_01	0	0	0	0	0	0	0	0	0	0	0	0	0	IGHV3-48_01	0	0	0	0	0	0	0	0	0	0	0	0	0
IGHV3-48_02	0	0	0	0	0	0	0	0	0	0	0	0	0	IGHV3-48_02	0	0	0	0	0	0	0	0	0	0	0	0	0
IGHV3-48_03	0	0	0	0	0	0	0	0	0	0	0	0	0	IGHV3-48_03	0	0	0	0	0	0	0	0	0	0	0	0	0
IGHV3-48_04	0	0	0	0	0	0	0	0	0	0	0	0	0	IGHV3-48_04	0	0	0	0	0	0	0	0	0	0	0	0	0
IGHV3-49_01	0	0	0	0	0	0	0	0	0	0	0	0	0	IGHV3-49_01	0	0	0	0	0	0	0	0	0	0	0	0	0
IGHV3-49_02	0	0	0	0	0	0	0	0	0	0	0	0	0	IGHV3-49_02	0	0	0	0	0	0	0	0	0	0	0	0	0
IGHV3-49_03	0	0	0	0	0	0	0	0	0	0	0	0	0	IGHV3-49_03	0	0	0	0	0	0	0	0	0	0	0	0	0
IGHV3-49_04	0	0	0	0	0	0	0	0	0	0	0	0	0	IGHV3-49_04	0	0	0	0	0	0	0	0	0	0	0	0	0
IGHV3-49_05	0	0	0	0	0	0	0	0	0	0	0	0	0	IGHV3-49_05	0	0	0	0	0	0	0	0	0	0	0	0	0
IGHV3-53_01	0	0	0	0	0	0	0	0	0	0	0	0	0	IGHV3-53_01	0	0	0	0	0	0	0	0	0	0	0	0	0
IGHV3-53_02	0	0	0	0	0	0	0	0	0	0	0	0	0	IGHV3-53_02	0	0	0	0	0	0	0	0	0	0	0	0	0
IGHV3-53_03	0	0	0	0	0	0	0	0	0	0	0	0	0	IGHV3-53_03	0	0	0	0	0	0	0	0	0	0	0	0	0
IGHV3-53_04	0	0	0	0	0	0	0	0	0	0	0	0	0	IGHV3-53_04	0	0	0	0	0	0	0	0	0	0	0	0	0
IGHV3-64_01	0	0	0	0	0	0	0	0	0	0	0	0	0	IGHV3-64_01	0	0	0	0	0	0	0	0	0	0	0	0	0
IGHV3-64_02	0	0	0	0	0	0	0	0	0	0	0	0	0	IGHV3-64_02	0	0	0	0	0	0	0	0	0	0	0	0	0
IGHV3-64_03	0	0	0	0	0	0	0	0	0	0	0	0	0	IGHV3-64_03	0	0	0	0	0	0	0	0	0	0	0	0	0
IGHV3-64_04	0	0	0	0	0	0	0	0	0	0	0	0	0	IGHV3-64_04	0	0	0	0	0	0	0	0	0	0	0	0	0
IGHV3-64_05	0	0	0	0	0	0	0	0	0	0	0	0	0	IGHV3-64_05	0	0	0	0	0	0	0	0	0	0	0	0	0
IGHV3-66_01	0	0	0	0	0	0	0	0	0	0	0	0	0	IGHV3-66_01	0	0	0	0	0	0	0	0	0	0	0	0	0
IGHV3-66_02	0	0	0	0	0	0	0	0	0	0	0	0	0	IGHV3-66_02	0	0	0	0	0	0	0	0	0	0	0	0	0
IGHV3-66_03	0	0	0	0	0	0	0	0	0	0	0	0	0	IGHV3-66_03	0	0	0	0	0	0	0	0	0	0	0	0	0
IGHV3-66_04	0	0	0	0	0	0	0	0	0	0	0	0	0	IGHV3-66_04	0	0	0	0	0	0	0	0	0	0	0	0	0
IGHV3-7_01	0	0	0	0	0	0	0	0	0	0	0	0	0	IGHV3-7_01	0	0	0	0	0	0	0	0	0	0	0	0	0
IGHV3-7_02	0	0	0	0	0	0	0	0	0	0	0	0	0	IGHV3-7_02	0	0	0	0	0	0	0	0	0	0	0	0	0
IGHV3-7_03	0	0	0	0	0	0	0	0	0	0	0	0	0	IGHV3-7_03	0	0	0	0	0	0	0	0	0	0	0	0	0
IGHV3-72_01	0	0	0	0	0	0	0	0	0	0	0	0	0	IGHV3-72_01	0	0	0	0	0	0	0	0	0	0	0	0	0
IGHV3-72_02	0	0	0	0	0	0	0	0	0	0	0	0	0	IGHV3-72_02	0	0	0	0	0	0	0	0	0	0	0	0	0
IGHV3-73_01	0	0	0	0	0	0	0	0	0	0	0	0	0	IGHV3-73_01	0	0	0	0	0	0	0	0	0	0	0	0	0
IGHV3-73_02	0	0	0	0	0	0	0	0	0	0	0	0	0	IGHV3-73_02	0	0	0	0	0	0	0	0	0	0	0	0	0
IGHV3-74_01	0	0	0	0	0	0	0	0	0	0	0	0	0	IGHV3-74_01	0	0	0	0	0	0	0	0	0	0	0	0	0
IGHV3-74_02	0	0	0	0	0	0	0	0	0	0	0	0	0	IGHV3-74_02	0	0	0	0	0	0	0	0	0	0	0	0	0
IGHV3-74_03	0	0	0	0	0	0	0	0	0	0	0	0	0	IGHV3-74_03	0	0	0	0	0	0	0	0	0	0	0	0	0
IGHV3-9_01	0	0	0	0	0	0	0	0	0	0	0	0	0	IGHV3-9_01	0	0	0	0	0	0	0	0	0	0	0	0	0
IGHV3-9_02	0	0	0	0	0	0	0	0	0	0	0	0	0	IGHV3-9_02	0	0	0	0	0	0	0	0	0	0	0	0	0
IGHV3-NL1_01	0	0	0	0	0	0	0	0	0	0	0	0	0	IGHV3-NL1_01	0	0	0	0	0	0	0	0	0	0	0	0	0
IGHV3-d_01	0	0	0	0	0	0	0	0	0	0	0	0	0	IGHV3-d_01	0	0	0	0	0	0	0	0	0	0	0	0	0
IGHV3/OR15-7_01	0	0	0	0	0	0	0	0	0	0	0	0	0	IGHV3/OR15-7_01	0	0	0	0	0	0	0	0	0	0	0	0	0
IGHV3/OR15-7_02	0	0	0	0	0	0	0	0	0	0	0	0	0	IGHV3/OR15-7_02	0	0	0	0	0	0	0	0	0	0	0	0	0
IGHV3/OR15-7_03	0	0	0	0	0	0	0	0	0	0	0	0	0	IGHV3/OR15-7_03	0	0	0	0	0	0	0	0	0	0	0	0	0
IGHV3/OR15-7_05	0	0	0	0	0	0	0	0	0	0	0	0	0	IGHV3/OR15-7_05	0	0	0	0	0	0	0	0	0	0	0	0	0
IGHV3/OR16-10_01	0	0	0	0	0	0	0	0	0	0	0	0	0	IGHV3/OR16-10_01	0	0	0	0	0	0	0	0	0	0	0	0	0
IGHV3/OR16-10_02	0	0	0	0	0	0	0	0	0	0	0	0	0	IGHV3/OR16-10_02	0	0	0	0	0	0	0	0	0	0	0	0	0
IGHV3/OR16-10_03	0	0	0	0	0	0	0	0	0	0	0	0	0	IGHV3/OR16-10_03	0	0	0	0	0	0	0	0	0	0	0	0	0
IGHV3/OR16-12_01	0	0	0	0	0	0	0	0	0	0	0	0	0	IGHV3/OR16-12_01	0	0	0	0	0	0	0	0	0	0	0	0	0
IGHV3/OR16-13_01	0	0	0	0	0	0	0	0	0	0	0	0	0	IGHV3/OR16-13_01	0	0	0	0	0	0	0	0	0	0	0	0	0
IGHV3/OR16-6_02	0	0	0	0	0	0	0	0	0	0	0	0	0	IGHV3/OR16-6_02	0	0	0	0	0	0	0	0	0	0	0	0	0
IGHV3/OR16-8_01	0	0	0	0	0	0	0	0	0	0	0	0	0	IGHV3/OR16-8_01	0	0	0	0	0	0	0	0	0	0	0	0	0
IGHV3/OR16-8_02	0	0	0	0	0	0	0	0	0	0	0	0	0	IGHV3/OR16-8_02	0	0	0	0	0	0	0	0	0	0	0	0	0
IGHV3/OR16-9_01	0	0	0	0	0	0	0	0	0	0	0	0	0	IGHV3/OR16-9_01	0	0	0	0	0	0	0	0	0	0	0	0	0
IGHV4-28_01	0	0	0	0	0	0	0	0	0	0	0	0	0	IGHV4-28_01	0	0	0	0	0	0	0	0	0	0	0	0	0
IGHV4-28_02	0	0	0	0	0	0	0	0	0	0	0	0	0	IGHV4-28_02	0	0	0	0	0	0	0	0	0	0	0	0	0
IGHV4-28_03	0	0	0	0	0	0	0	0	0	0	0	0	0	IGHV4-28_03	0	0	0	0	0	0	0	0	0	0	0	0	0
IGHV4-28_04	0	0	0	0	0	0	0	0	0	0	0	0	0	IGHV4-28_04	0	0	0	0	0	0	0	0	0	0	0	0	0
IGHV4-28_05	0	0	0	0	0	0	0	0	0	0	0	0	0	IGHV4-28_05	0	0	0	0	0	0	0	0	0	0	0	0	0
IGHV4-28_06	0	0	0	0	0	0	0	0	0	0	0	0	0	IGHV4-28_06	0	0	0	0	0	0	0	0	0	0	0	0	0
IGHV4-30-2_01	0	0	0	0	0	0	0	0	0	0	0	0	0	IGHV4-30-2_01	0	0	0	0	0	0	0	0	0	0	0	0	0
IGHV4-30-2_02	0	0	0	0	0	0	0	0	0	0	0	0	0	IGHV4-30-2_02	0	0	0	0	0	0	0	0	0	0	0	0	0
IGHV4-30-2_03	0	0	0	0	0	0	0	0	0	0	0	0	0	IGHV4-30-2_03	0	0	0	0	0	0	0	0	0	0	0	0	0
IGHV4-30-2_04	0	0	0	0	0	0	0	0	0	0	0	0	0	IGHV4-30-2_04	0	0	0	0	0	0	0	0	0	0	0	0	0
IGHV4-30-2_05	0	0	0	0	0	0	0	0	0	0	0	0	0	IGHV4-30-2_05	0	0	0	0	0	0	0	0	0	0	0	0	0
IGHV4-30-4_01	0	0	0	0	0	0	0	0	0	0	0	0	0	IGHV4-30-4_01	0	0	0	0	0	0	0	0	0	0	0	0	0
IGHV4-30-4_02	0	0	0	0	0	0	0	0	0	0	0	0	0	IGHV4-30-4_02	0	0	0	0	0	0	0	0	0	0	0	0	0
IGHV4-30-4_03	0	0	0	0	0	0	0	0	0	0	0	0	0	IGHV4-30-4_03	0	0	0	0	0	0	0	0	0	0	0	0	0
IGHV4-30-4_04	0	0	0	0	0	0	0	0	0	0	0	0	0	IGHV4-30-4_04	0	0	0	0	0	0	0	0	0	0	0	0	0
IGHV4-30-4_05	0	0	0	0	0	0	0	0	0	0	0	0	0	IGHV4-30-4_05	0	0	0	0	0	0	0	0	0	0	0	0	0
IGHV4-30-4_06	0	0	0	0	0	0	0	0	0	0	0	0	0	IGHV4-30-4_06	0	0	0	0	0	0	0	0	0	0	0	0	0
IGHV4-31_01	0	0	0	0	0	0	0	0	0	0	0	0	0	IGHV4-31_01	0	0	0	0	0	0	0	0	0	0	0	0	0
IGHV4-31_02	0	0	0	0	0	0	0	0	0	0	0	0	0	IGHV4-31_02	0	0	0	0	0	0	0	0	0	0	0	0	0
IGHV4-31_03	0	0	0	0	0	0	0	0	0	0	0	0	0	IGHV4-31_03	0	0	0	0	0	0	0	0	0	0	0	0	0
IGHV4-31_04	0	0	0	0	0	0	0	0	0	0	0	0	0	IGHV4-31_04	0	0	0	0	0	0	0	0	0	0	0	0	0
IGHV4-31_05	0	0	0	0	0	0	0	0	0	0	0	0	0	IGHV4-31_05	0	0	0	0	0	0	0	0	0	0	0	0	0
IGHV4-31_06	0	0	0	0	0	0	0	0	0	0	0	0	0	IGHV4-31_06	0	0	0	0	0	0	0	0	0	0	0	0	0
IGHV4-31_07	0	0	0	0	0	0	0	0	0	0	0	0	0	IGHV4-31_07	0	0	0	0	0	0	0	0	0	0	0	0	0
IGHV4-31_08	0	0	0	0	0	0	0	0	0	0	0	0	0	IGHV4-31_08	0	0	0	0	0	0	0	0	0	0	0	0	0
IGHV4-31_09	0	0	0	0	0	0	0	0	0	0	0	0	0	IGHV4-31_09	0	0	0	0	0	0	0	0	0	0	0	0	0
IGHV4-31_10	0	0	0	0	0	0	0	0	0	0	0	0	0	IGHV4-31_10	0	0	0	0	0	0	0	0	0	0	0	0	0
IGHV4-34_01	0	0	0	0	0	0	0	0	0	0	0	0	0	IGHV4-34_01	0	0	0	0	0	0	0	0	0	0	0	0	0
IGHV4-34_02	0	0	0	0	0	0	0	0	0	0	0	0	0	IGHV4-34_02	0	0	0	0	0	0	0	0	0	0	0	0	0
IGHV4-34_03	0	0	0	0	0	0	0	0	0	0	0	0	0	IGHV4-34_03	0	0	0	0	0	0	0	0	0	0	0	0	0
IGHV4-34_04	0	0	0	0	0	0	0	0	0	0	0	0	0	IGHV4-34_04	0	0	0	0	0	0	0	0	0	0	0	0	0
IGHV4-34_05	0	0	0	0	0	0	0	0	0	0	0	0	0	IGHV4-34_05	0	0	0	0	0	0	0	0	0	0	0	0	0
IGHV4-34_06	0	0	0	0	0	0	0	0	0	0	0	0	0	IGHV4-34_06	0	0	0	0	0	0	0	0	0	0	0	0	0
IGHV4-34_07	0	0	0	0	0	0	0	0	0	0	0	0	0	IGHV4-34_07	0	0	0	0	0	0	0	0	0	0	0	0	0
IGHV4-34_08	0	0	0	0	0	0	0	0	0	0	0	0	0	IGHV4-34_08	0	0	0	0	0	0	0	0	0	0	0	0	0
IGHV4-34_09	0	0	0	0	0	0	0	0	0	0	0	0	0	IGHV4-34_09	0	0	0	0	0	0	0	0	0	0	0	0	0
IGHV4-34_10	0	0	0	0	0	0	0	0	0	0	0	0	0	IGHV4-34_10	0	0	0	0	0	0	0	0	0	0	0	0	0
IGHV4-34_11	0	0	0	0	0	0	0	0	0	0	0	0	0	IGHV4-34_11	0	0	0	0	0	0	0	0	0	0	0	0	0
IGHV4-34_12	0	0	0	0	0	0	0	0	0	0	0	0	0	IGHV4-34_12	0	0	0	0	0	0	0	0	0	0	0	0	0
IGHV4-34_13	0	0	0	0	0	0	0	0	0	0	0	0	0	IGHV4-34_13	0	0	0	0	0	0	0	0	0	0	0	0	0
IGHV4-39_01	0	0	0	0	0	0	0	0	0	0	0	0	0	IGHV4-39_01	0	0	0	0	0	0	0	0	0	0	0	0	0
IGHV4-39_02	0	0	0	0	0	0	0	0	0	0	0	0	0	IGHV4-39_02	0	0	0	0	0	0	0	0	0	0	0	0	0
IGHV4-39_03	0	0	0	0	0	0	0	0	0	0	0	0	0	IGHV4-39_03	0	0	0	0	0	0	0	0	0	0	0	0	0
IGHV4-39_04	0	0	0	0	0	0	0	0	0	0	0	0	0	IGHV4-39_04	0	0	0	0	0	0	0	0	0	0	0	0	0
IGHV4-39_05	0	0	0	0	0	0	0	0	0	0	0	0	0	IGHV4-39_05	0	0	0	0	0	0	0	0	0	0	0	0	0
IGHV4-39_06	0	0	0	0	0	0	0	0	0	0	0	0	0	IGHV4-39_06	0	0	0	0	0	0	0	0	0	0	0	0	0
IGHV4-39_07	0	0	0	0	0	0	0	0	0	0	0	0	0	IGHV4-39_07	0	0	0	0	0	0	0	0	0	0	0	0	0
IGHV4-4_01	0	0	0	0	0	0	0	0	0	0	0	0	0	IGHV4-4_01	0	0	0	0	0	0	0	0	0	0	0	0	0
IGHV4-4_02	0	0	0	0	0	0	0	0	0	0	0	0	0	IGHV4-4_02	0	0	0	0	0	0	0	0	0	0	0	0	0
IGHV4-4_03	0	0	0	0	0	0	0	0	0	0	0	0	0	IGHV4-4_03	0	0	0	0	0	0	0	0	0	0	0	0	0
IGHV4-4_04	0	0	0	0	0	0	0	0	0	0	0	0	0	IGHV4-4_04	0	0	0	0	0	0	0	0	0	0	0	0	0
IGHV4-4_05	0	0	0	0	0	0	0	0	0	0	0	0	0	IGHV4-4_05	0	0	0	0	0	0	0	0	0	0	0	0	0
IGHV4-4_06	0	0	0	0	0	0	0	0	0	0	0	0	0	IGHV4-4_06	0	0	0	0	0	0	0	0	0	0	0	0	0
IGHV4-4_07	0	0	0	0	0	0	0	0	0	0	0	0	0	IGHV4-4_07	0	0	0	0	0	0	0	0	0	0	0	0	0
IGHV4-59_01	0	0	0	0	0	0	0	0	0	0	0	0	0	IGHV4-59_01	0	0	0	0	0	0	0	0	0	0	0	0	0
IGHV4-59_02	0	0	0	0	0	0	0	0	0	0	0	0	0	IGHV4-59_02	0	0	0	0	0	0	0	0	0	0	0	0	0
IGHV4-59_03	0	0	0	0	0	0	0	0	0	0	0	0	0	IGHV4-59_03	0	0	0	0	0	0	0	0	0	0	0	0	0
IGHV4-59_04	0	0	0	0	0	0	0	0	0	0	0	0	0	IGHV4-59_04	0	0	0	0	0	0	0	0	0	0	0	0	0
IGHV4-59_05	0	0	0	0	0	0	0	0	0	0	0	0	0	IGHV4-59_05	0	0	0	0	0	0	0	0	0	0	0	0	0
IGHV4-59_06	0	0	0	0	0	0	0	0	0	0	0	0	0	IGHV4-59_06	0	0	0	0	0	0	0	0	0	0	0	0	0
IGHV4-59_07	0	0	0	0	0	0	0	0	0	0	0	0	0	IGHV4-59_07	0	0	0	0	0	0	0	0	0	0	0	0	0
IGHV4-59_08	0	0	0	0	0	0	0	0	0	0	0	0	0	IGHV4-59_08	0	0	0	0	0	0	0	0	0	0	0	0	0
IGHV4-59_09	0	0	0	0	0	0	0	0	0	0	0	0	0	IGHV4-59_09	0	0	0	0	0	0	0	0	0	0	0	0	0
IGHV4-59_10	0	0	0	0	0	0	0	0	0	0	0	0	0	IGHV4-59_10	0	0	0	0	0	0	0	0	0	0	0	0	0
IGHV4-61_01	0	0	0	0	0	0	0	0	0	0	0	0	0	IGHV4-61_01	0	0	0	0	0	0	0	0	0	0	0	0	0
IGHV4-61_02	0	0	0	0	0	0	0	0	0	0	0	0	0	IGHV4-61_02	0	0	0	0	0	0	0	0	0	0	0	0	0
IGHV4-61_03	0	0	0	0	0	0	0	0	0	0	0	0	0	IGHV4-61_03	0	0	0	0	0	0	0	0	0	0	0	0	0
IGHV4-61_04	0	0	0	0	0	0	0	0	0	0	0	0	0	IGHV4-61_04	0	0	0	0	0	0	0	0	0	0	0	0	0
IGHV4-61_05	0	0	0	0	0	0	0	0	0	0	0	0	0	IGHV4-61_05	0	0	0	0	0	0	0	0	0	0	0	0	0
IGHV4-61_06	0	0	0	0	0	0	0	0	0	0	0	0	0	IGHV4-61_06	0	0	0	0	0	0	0	0	0	0	0	0	0
IGHV4-61_07	0	0	0	0	0	0	0	0	0	0	0	0	0	IGHV4-61_07	0	0	0	0	0	0	0	0	0	0	0	0	0
IGHV4-61_08	0	0	0	0	0	0	0	0	0	0	0	0	0	IGHV4-61_08	0	0	0	0	0	0	0	0	0	0	0	0	0
IGHV4-b_01	0	0	0	0	0	0	0	0	0	0	0	0	0	IGHV4-b_01	0	0	0	0	0	0	0	0	0	0	0	0	0
IGHV4-b_02	0	0	0	0	0	0	0	0	0	0	0	0	0	IGHV4-b_02	0	0	0	0	0	0	0	0	0	0	0	0	0
IGHV4/OR15-8_01	0	0	0	0	0	0	0	0	0	0	0	0	0	IGHV4/OR15-8_01	0	0	0	0	0	0	0	0	0	0	0	0	0
IGHV4/OR15-8_02	0	0	0	0	0	0	0	0	0	0	0	0	0	IGHV4/OR15-8_02	0	0	0	0	0	0	0	0	0	0	0	0	0
IGHV4/OR15-8_03	0	0	0	0	0	0	0	0	0	0	0	0	0	IGHV4/OR15-8_03	0	0	0	0	0	0	0	0	0	0	0	0	0
IGHV5-51_01	0	0	0	0	0	0	0	0	0	0	0	0	0	IGHV5-51_01	0	0	0	0	0	0	0	0	0	0	0	0	0
IGHV5-51_02	0	0	0	0	0	0	0	0	0	0	0	0	0	IGHV5-51_02	0	0	0	0	0	0	0	0	0	0	0	0	0
IGHV5-51_03	0	0	0	0	0	0	0	0	0	0	0	0	0	IGHV5-51_03	0	0	0	0	0	0	0	0	0	0	0	0	0
IGHV5-51_04	0	0	0	0	0	0	0	0	0	0	0	0	0	IGHV5-51_04	0	0	0	0	0	0	0	0	0	0	0	0	0
IGHV5-51_05	0	0	0	0	0	0	0	0	0	0	0	0	0	IGHV5-51_05	0	0	0	0	0	0	0	0	0	0	0	0	0
IGHV5-a_01	0	0	0	0	0	0	0	0	0	0	0	0	0	IGHV5-a_01	0	0	0	0	0	0	0	0	0	0	0	0	0
IGHV5-a_03	0	0	0	0	0	0	0	0	0	0	0	0	0	IGHV5-a_03	0	0	0	0	0	0	0	0	0	0	0	0	0
IGHV5-a_04	0	0	0	0	0	0	0	0	0	0	0	0	0	IGHV5-a_04	0	0	0	0	0	0	0	0	0	0	0	0	0
IGHV6-1_01	0	0	0	0	0	0	0	0	0	0	0	0	0	IGHV6-1_01	0	0	0	0	0	0	0	0	0	0	0	0	0
IGHV6-1_02	0	0	0	0	0	0	0	0	0	0	0	0	0	IGHV6-1_02	0	0	0	0	0	0	0	0	0	0	0	0	0
IGHV7-4-1_01	0	0	0	0	0	0	0	0	0	0	0	0	0	IGHV7-4-1_01	0	0	0	0	0	0	0	0	0	0	0	0	0
IGHV7-4-1_02	0	0	0	0	0	0	0	0	0	0	0	0	0	IGHV7-4-1_02	0	0	0	0	0	0	0	0	0	0	0	0	0
IGHV7-4-1_03	0	0	0	0	0	0	0	0	0	0	0	0	0	IGHV7-4-1_03	0	0	0	0	0	0	0	0	0	0	0	0	0
IGHV7-4-1_04	0	0	0	0	0	0	0	0	0	0	0	0	0	IGHV7-4-1_04	0	0	0	0	0	0	0	0	0	0	0	0	0
IGHV7-4-1_05	0	0	0	0	0	0	0	0	0	0	0	0	0	IGHV7-4-1_05	0	0	0	0	0	0	0	0	0	0	0	0	0
IGHV7-81_01	0	0	0	0	0	0	0	0	0	0	0	0	0	IGHV7-81_01	0	0	0	0	0	0	0	0	0	0	0	0	0
